{"cameraMode":{"drawMode":0,"name":"Shaded","section":"Shading Mode"},"sceneLighting":false,"audioPlay":false,"sceneViewState":{"showFog":true,"showMaterialUpdate":false,"showSkybox":false,"showFlares":true,"showImageEffects":true,"showParticleSystems":true},"in2DMode":false,"pivot":{"x":-5.975052833557129,"y":-3.421773910522461,"z":-6.9057183265686039},"rotation":{"x":-0.020593678578734399,"y":0.09582766145467758,"z":0.0019828430376946928,"w":0.9951878190040588},"size":0.8238918781280518,"orthographic":true}