{"cameraMode":{"drawMode":0,"name":"Shaded","section":"Shading Mode"},"sceneLighting":false,"audioPlay":false,"sceneViewState":{"showFog":true,"showMaterialUpdate":false,"showSkybox":false,"showFlares":true,"showImageEffects":true,"showParticleSystems":true},"in2DMode":false,"pivot":{"x":0.3373376131057739,"y":-0.29762908816337588,"z":-0.01652018167078495},"rotation":{"x":-0.020593678578734399,"y":0.09582766145467758,"z":0.0019828430376946928,"w":0.9951878190040588},"size":0.3556622266769409,"orthographic":true}