{"cameraMode":{"drawMode":0,"name":"Shaded","section":"Shading Mode"},"sceneLighting":false,"audioPlay":false,"sceneViewState":{"showFog":true,"showMaterialUpdate":false,"showSkybox":false,"showFlares":true,"showImageEffects":true,"showParticleSystems":true},"in2DMode":false,"pivot":{"x":0.8080000281333923,"y":-2.1549999713897707,"z":0.0},"rotation":{"x":-0.020593678578734399,"y":0.09582766145467758,"z":0.0019828430376946928,"w":0.9951878190040588},"size":0.1957557499408722,"orthographic":false}