{"cameraMode":{"drawMode":0,"name":"Shaded","section":"Shading Mode"},"sceneLighting":false,"audioPlay":false,"sceneViewState":{"showFog":true,"showMaterialUpdate":false,"showSkybox":false,"showFlares":true,"showImageEffects":true,"showParticleSystems":true},"in2DMode":false,"pivot":{"x":-4.864999771118164,"y":2.8792500495910646,"z":0.0},"rotation":{"x":-0.020593678578734399,"y":0.09582766145467758,"z":0.0019828430376946928,"w":0.9951878190040588},"size":0.3616861402988434,"orthographic":true}