{"cameraMode":{"drawMode":0,"name":"Shaded","section":"Shading Mode"},"sceneLighting":false,"audioPlay":false,"sceneViewState":{"showFog":true,"showMaterialUpdate":false,"showSkybox":false,"showFlares":true,"showImageEffects":true,"showParticleSystems":true},"in2DMode":false,"pivot":{"x":-7.330863952636719,"y":-2.434661388397217,"z":0.7837984561920166},"rotation":{"x":-0.020593678578734399,"y":0.09582766145467758,"z":0.0019828430376946928,"w":0.9951878190040588},"size":0.32046574354171755,"orthographic":true}